shift_date,owl,day,eve,shiftdate
29-Mar-2026,Gyang Chung,YERE,Jiawei Guo,2026-03-2930-Mar-2026,Gyang Chung,YERE,Jiawei Guo,2026-03-3031-Mar-2026,FSU,YERE,UMASSA,2026-03-311-Apr-2026,FSU,YERE,UMASSA,2026-04-012-Apr-2026,FSU,YERE,UMASSA,2026-04-023-Apr-2026,FSU,YERE,UMASSA,2026-04-034-Apr-2026,Vitaly Baturin,Justin Stevens,Karthik Suresh,2026-04-045-Apr-2026,Vitaly Baturin,Justin Stevens,Karthik Suresh,2026-04-056-Apr-2026,Vitaly Baturin,Cristiano Fanelli,Karthik Suresh,2026-04-067-Apr-2026,Vitaly Baturin,Cristiano Fanelli,Karthik Suresh,2026-04-078-Apr-2026,Peter Hurck,Garth Huber,Kevin Saldana,2026-04-089-Apr-2026,Peter Hurck,Garth Huber,Kevin Saldana,2026-04-0910-Apr-2026,Peter Hurck,Garth Huber,Kevin Saldana,2026-04-1011-Apr-2026,Peter Hurck,Garth Huber,Kevin Saldana,2026-04-1112-Apr-2026,Torri Jeske,UMASSA,Marie Boer,2026-04-1213-Apr-2026,Torri Jeske,UMASSA,Marie Boer,2026-04-1314-Apr-2026,Torri Jeske,UMASSA,Marie Boer,2026-04-1415-Apr-2026,Torri Jeske,UMASSA,Marie Boer,2026-04-1516-Apr-2026,Jason Sikes,ITEP,FSU,2026-04-1617-Apr-2026,Jason Sikes,ITEP,FSU,2026-04-1718-Apr-2026,Jason Sikes,ITEP,FSU,2026-04-1819-Apr-2026,Jason Sikes,ITEP,FSU,2026-04-1920-Apr-2026,Jason Sikes,UMASSA,Marie Boer,2026-04-2021-Apr-2026,Jason Sikes,UMASSA,Marie Boer,2026-04-2122-Apr-2026,Jason Sikes,UMASSA,Marie Boer,2026-04-2223-Apr-2026,Jason Sikes,UMASSA,Marie Boer,2026-04-2324-Apr-2026,Colin Gleason,Payton Arber,Jason Sikes,2026-04-2425-Apr-2026,Colin Gleason,Payton Arber,Jason Sikes,2026-04-2526-Apr-2026,Colin Gleason,Payton Arber,Jason Sikes,2026-04-2627-Apr-2026,Colin Gleason,Payton Arber,Jason Sikes,2026-04-2728-Apr-2026,Derek Glazier,Payton Arber,Karthik Suresh,2026-04-2829-Apr-2026,Derek Glazier,Payton Arber,Karthik Suresh,2026-04-2930-Apr-2026,Derek Glazier,Edith Nissen,Karthik Suresh,2026-04-301-May-2026,Derek Glazier,Edith Nissen,Karthik Suresh,2026-05-012-May-2026,Akshay Ramasubramanian,David Hornidge,Derek Glazier,2026-05-023-May-2026,Akshay Ramasubramanian,David Hornidge,Derek Glazier,2026-05-034-May-2026,Akshay Ramasubramanian,David Hornidge,Derek Glazier,2026-05-045-May-2026,Akshay Ramasubramanian,David Hornidge,Derek Glazier,2026-05-056-May-2026,Akshay Ramasubramanian,Ryan Mitchell,MacQuarrie Thomson,2026-05-067-May-2026,Akshay Ramasubramanian,Ryan Mitchell,MacQuarrie Thomson,2026-05-078-May-2026,Akshay Ramasubramanian,Ryan Mitchell,MacQuarrie Thomson,2026-05-089-May-2026,Akshay Ramasubramanian,Ryan Mitchell,MacQuarrie Thomson,2026-05-0910-May-2026,Akshay Ramasubramanian,Christina Kourkoumelis,MacQuarrie Thomson,2026-05-1011-May-2026,Akshay Ramasubramanian,Christina Kourkoumelis,MacQuarrie Thomson,2026-05-1112-May-2026,Akshay Ramasubramanian,Christina Kourkoumelis,MacQuarrie Thomson,2026-05-1213-May-2026,Akshay Ramasubramanian,Christina Kourkoumelis,MacQuarrie Thomson,2026-05-1314-May-2026,WUHAN,Christina Kourkoumelis,UMASSA,2026-05-1415-May-2026,WUHAN,Christina Kourkoumelis,UMASSA,2026-05-1516-May-2026,WUHAN,Christina Kourkoumelis,UMASSA,2026-05-1617-May-2026,WUHAN,Christina Kourkoumelis,UMASSA,2026-05-1718-May-2026,Zachary Baldwin,WUHAN,Patrick Moran,2026-05-1819-May-2026,Zachary Baldwin,WUHAN,Patrick Moran,2026-05-1920-May-2026,Zachary Baldwin,WUHAN,Patrick Moran,2026-05-2021-May-2026,Zachary Baldwin,WUHAN,Patrick Moran,2026-05-2122-May-2026,ITEP,WUHAN,Daniel Barton,2026-05-2223-May-2026,ITEP,WUHAN,Daniel Barton,2026-05-2324-May-2026,ITEP,WUHAN,Daniel Barton,2026-05-2425-May-2026,ITEP,WUHAN,Daniel Barton,2026-05-2526-May-2026,Cristiano Fanelli,CUG,Shelby Arrigo,2026-05-2627-May-2026,Cristiano Fanelli,CUG,Shelby Arrigo,2026-05-2728-May-2026,Cristiano Fanelli,CUG,Shelby Arrigo,2026-05-2829-May-2026,Cristiano Fanelli,CUG,Shelby Arrigo,2026-05-2930-May-2026,Justin Stevens,Daniel Barton,Vladimir Berdnikov,2026-05-3031-May-2026,Justin Stevens,Daniel Barton,Vladimir Berdnikov,2026-05-311-Jun-2026,Justin Stevens,Daniel Barton,Niklas Herrmann,2026-06-012-Jun-2026,Justin Stevens,Daniel Barton,RUB,2026-06-023-Jun-2026,FSU,FSU,CUG,2026-06-034-Jun-2026,FSU,FSU,CUG,2026-06-045-Jun-2026,FSU,FSU,CUG,2026-06-056-Jun-2026,FSU,FSU,CUG,2026-06-067-Jun-2026,ASU,FSU,CUG,2026-06-078-Jun-2026,ASU,FSU,CUG,2026-06-089-Jun-2026,ASU,FSU,CUG,2026-06-0910-Jun-2026,ASU,FSU,CUG,2026-06-1011-Jun-2026,MEPHI,Philip Cole,Richard Dube,2026-06-1112-Jun-2026,MEPHI,Philip Cole,Richard Dube,2026-06-1213-Jun-2026,MEPHI,Philip Cole,Richard Dube,2026-06-1314-Jun-2026,MEPHI,Philip Cole,Richard Dube,2026-06-1415-Jun-2026,FSU,CUA,Richard Dube,2026-06-1516-Jun-2026,FSU,CUA,Richard Dube,2026-06-1617-Jun-2026,FSU,CUA,Richard Dube,2026-06-1718-Jun-2026,FSU,CUA,Richard Dube,2026-06-1819-Jun-2026,Axel Schmidt,FIU,CMU,2026-06-1920-Jun-2026,Axel Schmidt,FIU,CMU,2026-06-2021-Jun-2026,Axel Schmidt,FIU,CMU,2026-06-2122-Jun-2026,Axel Schmidt,FIU,CMU,2026-06-2223-Jun-2026,FSU,FSU,CUA,2026-06-2324-Jun-2026,FSU,FSU,CUA,2026-06-2425-Jun-2026,FSU,FSU,CUA,2026-06-2526-Jun-2026,FSU,FSU,CUA,2026-06-2627-Jun-2026,GIESS,Alexander Austregesilo,ASU,2026-06-2728-Jun-2026,GIESS,Alexander Austregesilo,ASU,2026-06-2829-Jun-2026,GIESS,Tim Whitlatch,ASU,2026-06-2930-Jun-2026,GIESS,Tim Whitlatch,ASU,2026-06-301-Jul-2026,Derek Glazier,Michael McCracken,GIESS,2026-07-012-Jul-2026,Derek Glazier,Michael McCracken,GIESS,2026-07-023-Jul-2026,Derek Glazier,Michael McCracken,GIESS,2026-07-034-Jul-2026,Derek Glazier,Michael McCracken,GIESS,2026-07-045-Jul-2026,Derek Glazier,Michael McCaughan,Sashi Nepal,2026-07-056-Jul-2026,Derek Glazier,Michael McCaughan,Sashi Nepal,2026-07-067-Jul-2026,Derek Glazier,Torri Jeske,Sashi Nepal,2026-07-078-Jul-2026,Derek Glazier,Torri Jeske,Sashi Nepal,2026-07-089-Jul-2026,Benedikt Zihlmann,TSU,ITEP,2026-07-0910-Jul-2026,Benedikt Zihlmann,TSU,ITEP,2026-07-1011-Jul-2026,Benedikt Zihlmann,TSU,ITEP,2026-07-1112-Jul-2026,Benedikt Zihlmann,TSU,ITEP,2026-07-1213-Jul-2026,Alison Laduke,YERE,Daniel Barton,2026-07-1314-Jul-2026,Alison Laduke,YERE,Daniel Barton,2026-07-1415-Jul-2026,Alison Laduke,YERE,Daniel Barton,2026-07-1516-Jul-2026,Alison Laduke,YERE,Daniel Barton,2026-07-1617-Jul-2026,Bo Yu,Addison Kovats-Bernat,Edith Nissen,2026-07-1718-Jul-2026,Bo Yu,Addison Kovats-Bernat,Edith Nissen,2026-07-1819-Jul-2026,Bo Yu,Addison Kovats-Bernat,Lubomir Pentchev,2026-07-1920-Jul-2026,Bo Yu,Addison Kovats-Bernat,Lubomir Pentchev,2026-07-2021-Jul-2026,Bo Yu,Matthew Shepherd,Lubomir Pentchev,2026-07-2122-Jul-2026,Bo Yu,Matthew Shepherd,Lubomir Pentchev,2026-07-2223-Jul-2026,Bo Yu,Matthew Shepherd,Thomas Britton,2026-07-2324-Jul-2026,Bo Yu,Matthew Shepherd,Thomas Britton,2026-07-2425-Jul-2026,Payton Arber,CUA,UNCW,2026-07-2526-Jul-2026,Payton Arber,CUA,UNCW,2026-07-2627-Jul-2026,Payton Arber,CUA,UNCW,2026-07-2728-Jul-2026,Payton Arber,CUA,UNCW,2026-07-2829-Jul-2026,Igor Strakovsky,FSU,Sergey Furletov,2026-07-2930-Jul-2026,Igor Strakovsky,FSU,Sergey Furletov,2026-07-3031-Jul-2026,Igor Strakovsky,FSU,Sergey Furletov,2026-07-311-Aug-2026,Igor Strakovsky,FSU,Sergey Furletov,2026-08-012-Aug-2026,UMASSA,Addison Kovats-Bernat,NCATS,2026-08-023-Aug-2026,UMASSA,Addison Kovats-Bernat,NCATS,2026-08-034-Aug-2026,UMASSA,Addison Kovats-Bernat,NCATS,2026-08-045-Aug-2026,UMASSA,Addison Kovats-Bernat,NCATS,2026-08-056-Aug-2026,ITEP,Bo Yu,REGINA,2026-08-067-Aug-2026,ITEP,Bo Yu,REGINA,2026-08-078-Aug-2026,ITEP,Bo Yu,REGINA,2026-08-089-Aug-2026,ITEP,Bo Yu,REGINA,2026-08-0910-Aug-2026,Thomas Britton,Addison Kovats-Bernat,ASU,2026-08-1011-Aug-2026,Thomas Britton,Addison Kovats-Bernat,ASU,2026-08-1112-Aug-2026,Thomas Britton,Meike Kuessner,ASU,2026-08-1213-Aug-2026,Thomas Britton,Meike Kuessner,ASU,2026-08-1314-Aug-2026,FSU,Meike Kuessner,Axel Schmidt,2026-08-1415-Aug-2026,FSU,Meike Kuessner,Axel Schmidt,2026-08-1516-Aug-2026,FSU,Meike Kuessner,Axel Schmidt,2026-08-1617-Aug-2026,FSU,Meike Kuessner,Axel Schmidt,2026-08-1718-Aug-2026,GWU,Torri Jeske,Lubomir Pentchev,2026-08-1819-Aug-2026,GWU,Torri Jeske,Lubomir Pentchev,2026-08-1920-Aug-2026,RUB,RUB,RUB,2026-08-2021-Aug-2026,RUB,RUB,RUB,2026-08-2122-Aug-2026,RUB,YERE,RUB,2026-08-2223-Aug-2026,RUB,YERE,RUB,2026-08-2324-Aug-2026,RUB,YERE,RUB,2026-08-2425-Aug-2026,RUB,YERE,RUB,2026-08-2526-Aug-2026,RUB,Zachary Baldwin,RUB,2026-08-2627-Aug-2026,RUB,Zachary Baldwin,RUB,2026-08-2728-Aug-2026,RUB,Zachary Baldwin,RUB,2026-08-2829-Aug-2026,RUB,Zachary Baldwin,RUB,2026-08-2930-Aug-2026,YERE,Meike Kuessner,FSU,2026-08-3031-Aug-2026,YERE,Meike Kuessner,FSU,2026-08-311-Sep-2026,YERE,Meike Kuessner,FSU,2026-09-012-Sep-2026,YERE,Meike Kuessner,FSU,2026-09-023-Sep-2026,Gyang Chung,YERE,Jiawei Guo,2026-09-034-Sep-2026,Gyang Chung,YERE,Jiawei Guo,2026-09-04